Name,User ID,Gender,ID Number,Telephone,IC Card,Picture Name,Address,Remarks
,,0,,,0,.jpg,,
,,0,,,0,.jpg,,
,,0,,,0,.jpg,,
,,0,,,0,.jpg,,
,,0,,,0,.jpg,,
,,0,,,0,.jpg,,
,,0,,,0,.jpg,,
,,0,,,0,.jpg,,
,,0,,,0,.jpg,,
,,0,,,0,.jpg,,
,,0,,,0,.jpg,,
AbeLincoln,33333,1,,,0,AbeLincoln.jpg,,
Brad Ross,4002031,1,6456,8643266769,34,Brad Ross.jpg,3 Fredricksburg drive,test
BillClinton,44444,1,,,0,BillClinton.jpg,,
Cruise,6666,1,,,0,Cruise.jpg,,
Jordan-Michael,323232,1,,,0,Jordan-Michael.jpg,,
MarilynMonroe,555555,2,,,0,MarilynMonroe.jpg,,
"Winfrey, O",777777,2,,,0,"Winfrey, O.jpg",,
Chris Rucci,123456,1,,,0,Chris Rucci.jpg,,
stephen ross,8399,2,8399,123-123-1234,0,stephen ross.jpg,3 fred drive,
stephen ross,8398,2,8398,123-123-1234,0,stephen ross.jpg,3 fred drive,
stephen ross,8358,1,8358,123-123-1234,0,stephen ross.jpg,3 fred drive,
,,0,,,0,.jpg,,
,,0,,,0,.jpg,,
,,0,,,0,.jpg,,
,,0,,,0,.jpg,,
,,0,,,0,.jpg,,
,,0,,,0,.jpg,,
,,0,,,0,.jpg,,
,,0,,,0,.jpg,,
,,0,,,0,.jpg,,
,,0,,,0,.jpg,,
,,0,,,0,.jpg,,
